agentId;configSeed;rounds;totalVictories;avgVictories;totalDeaths;avgDeaths;totalTimedout;avgTimedout;totalTimeSpent;avgTimeSpent
MarioAI;20;200;200;1.0;0;0.0;0;0.0;10000;50.0
MarioAI;20;200;200;1.0;0;0.0;0;0.0;10000;50.0
MarioAI;20;200;200;1.0;0;0.0;0;0.0;10262;51.31
MarioAI;20;200;200;1.0;0;0.0;0;0.0;10166;50.83
MarioAI;20;200;200;1.0;0;0.0;0;0.0;10254;51.27
MarioAI;20;200;0;0.0;200;1.0;0;0.0;40000;200.0
MarioAI;20;200;200;1.0;0;0.0;0;0.0;5956;29.78
MarioAI;20;200;190;0.95;10;0.05;0;0.0;7632;38.16
MarioAI;20;200;200;1.0;0;0.0;0;0.0;5956;29.78
MarioAI;20;200;75;0.375;125;0.625;0;0.0;4559;22.795
MarioAI;14;200;80;0.4;120;0.6;0;0.0;4722;23.61
MarioAI;14;200;77;0.385;123;0.615;0;0.0;4727;23.635
MarioAI;14;200;80;0.4;120;0.6;0;0.0;4722;23.61
MarioAI;14;200;77;0.385;123;0.615;0;0.0;4727;23.635
MarioAI;14;200;82;0.41;118;0.59;0;0.0;4770;23.85
MarioAI;14;200;54;0.27;146;0.73;0;0.0;4484;22.42
MarioAI;14;200;132;0.66;68;0.34;0;0.0;4968;24.84
MarioAI;14;200;137;0.685;63;0.315;0;0.0;5016;25.08
MarioAI;14;200;137;0.685;63;0.315;0;0.0;5015;25.075
MarioAI;14;200;137;0.685;63;0.315;0;0.0;5015;25.075
MarioAI;10;200;148;0.74;52;0.26;0;0.0;5101;25.505
MarioAI;14;200;137;0.685;63;0.315;0;0.0;5015;25.075
MarioAI;1;200;140;0.7;60;0.3;0;0.0;4999;24.995
MarioAI;3;200;150;0.75;50;0.25;0;0.0;5081;25.405
MarioAI;14;200;137;0.685;63;0.315;0;0.0;5015;25.075
MarioAI;14;200;137;0.685;63;0.315;0;0.0;5015;25.075
MarioAI;14;200;91;0.455;109;0.545;0;0.0;4894;24.47
MarioAI;14;200;134;0.67;66;0.33;0;0.0;5022;25.11
MarioAI;14;200;134;0.67;66;0.33;0;0.0;5022;25.11
MarioAI;14;200;134;0.67;66;0.33;0;0.0;5022;25.11
MarioAI;14;200;127;0.635;73;0.365;0;0.0;4955;24.775
MarioAI;14;200;133;0.665;67;0.335;0;0.0;5001;25.005
MarioAI;14;200;134;0.67;66;0.33;0;0.0;5022;25.11
MarioAI;14;200;131;0.655;69;0.345;0;0.0;4997;24.985
MarioAI;14;200;133;0.665;67;0.335;0;0.0;5014;25.07
MarioAI;14;200;133;0.665;67;0.335;0;0.0;5014;25.07
MarioAI;14;200;135;0.675;65;0.325;0;0.0;5021;25.105
MarioAI;14;200;135;0.675;65;0.325;0;0.0;5021;25.105
MarioAI;14;200;135;0.675;65;0.325;0;0.0;5021;25.105
MarioAI;14;200;127;0.635;73;0.365;0;0.0;5010;25.05
MarioAI;14;200;127;0.635;73;0.365;0;0.0;5010;25.05
MarioAI;14;200;2;0.01;198;0.99;0;0.0;25775;128.875
MarioAI;14;200;139;0.695;61;0.305;0;0.0;5272;26.36
MarioAI;14;200;124;0.62;76;0.38;0;0.0;7229;36.145
MarioAI;14;200;163;0.815;37;0.185;0;0.0;8287;41.435
MarioAI;14;200;122;0.61;78;0.39;0;0.0;6843;34.215
MarioAI;14;200;139;0.695;61;0.305;0;0.0;7013;35.065
MarioAI;14;200;143;0.715;57;0.285;0;0.0;12542;62.71
MarioAI;14;200;163;0.815;37;0.185;0;0.0;8287;41.435
MarioAI;1;200;151;0.755;49;0.245;0;0.0;7971;39.855
MarioAI;42;200;140;0.7;60;0.3;0;0.0;8211;41.055
MarioAI;42;200;4;0.02;196;0.98;0;0.0;38584;192.92
MarioAI;42;200;135;0.675;65;0.325;0;0.0;5103;25.515
MarioAI;42;200;165;0.825;35;0.175;0;0.0;9109;45.545
MarioAI;42;200;157;0.785;43;0.215;0;0.0;9169;45.845
MarioAI;42;200;164;0.82;36;0.18;0;0.0;9032;45.16
MarioAI;14;200;166;0.83;34;0.17;0;0.0;9105;45.525
MarioAI;1;200;158;0.79;42;0.21;0;0.0;9139;45.695
MarioAI;96;200;164;0.82;36;0.18;0;0.0;9061;45.305
MarioAI;96;200;166;0.83;34;0.17;0;0.0;10643;53.215
MarioAI;96;200;164;0.82;36;0.18;0;0.0;9791;48.955
MarioAI;96;200;168;0.84;32;0.16;0;0.0;10317;51.585
MarioAI;96;200;168;0.84;32;0.16;0;0.0;10317;51.585
MarioAI;96;200;170;0.85;30;0.15;0;0.0;10425;52.125
MarioAI;14;200;169;0.845;31;0.155;0;0.0;11099;55.495
MarioAI;1;200;166;0.83;34;0.17;0;0.0;10669;53.345
MarioAI;1;200;0;0.0;200;1.0;0;0.0;3340;16.7
MarioAI;14;200;0;0.0;200;1.0;0;0.0;3486;17.43
MarioAI;14;200;0;0.0;200;1.0;0;0.0;3186;15.93
MarioAI;14;200;0;0.0;200;1.0;0;0.0;3186;15.93
MarioAI;14;200;200;1.0;0;0.0;0;0.0;5000;25.0
MarioAI;14;200;200;1.0;0;0.0;0;0.0;5845;29.225
MarioAI;14;200;164;0.82;36;0.18;0;0.0;10341;51.705
MarioAI;14;200;169;0.845;31;0.155;0;0.0;11099;55.495
MarioAI;14;200;0;0.0;200;1.0;0;0.0;3186;15.93
MarioAI;14;200;1;0.005;199;0.995;0;0.0;4457;22.285
MarioAI;14;200;200;1.0;0;0.0;0;0.0;5000;25.0
MarioAI;14;200;200;1.0;0;0.0;0;0.0;5845;29.225
MarioAI;14;200;168;0.84;32;0.16;0;0.0;10150;50.75
MarioAI;14;200;164;0.82;36;0.18;0;0.0;10820;54.1
MarioAI;14;200;0;0.0;200;1.0;0;0.0;3056;15.28
MarioAI;14;200;1;0.005;199;0.995;0;0.0;4578;22.89
MarioAI;1;200;185;0.925;15;0.075;0;0.0;12545;62.725
MarioAI;1;200;0;0.0;200;1.0;0;0.0;40000;200.0
MarioAI;1;200;93;0.465;107;0.535;0;0.0;7259;36.295
MarioAI;1;200;200;1.0;0;0.0;0;0.0;9600;48.0
MarioAI;1;200;200;1.0;0;0.0;0;0.0;6632;33.16
MarioAI;1;200;101;0.505;99;0.495;0;0.0;5331;26.655
MarioAI;1;200;93;0.465;107;0.535;0;0.0;7259;36.295
MarioAI;1;200;1;0.005;199;0.995;0;0.0;3428;17.14
MarioAI;1;200;5;0.025;195;0.975;0;0.0;3428;17.14
MarioAI;1;200;200;1.0;0;0.0;0;0.0;9600;48.0
MarioAI;1;200;200;1.0;0;0.0;0;0.0;6632;33.16
MarioAI;1;200;101;0.505;99;0.495;0;0.0;5318;26.59
MarioAI;1;200;95;0.475;105;0.525;0;0.0;7078;35.39
MarioAI;1;200;1;0.005;199;0.995;0;0.0;3423;17.115
MarioAI;1;200;5;0.025;195;0.975;0;0.0;3432;17.16
MarioAI;1;200;0;0.0;200;1.0;0;0.0;40000;200.0
MarioAI;1;200;0;0.0;200;1.0;0;0.0;40000;200.0
MarioAI;1;200;0;0.0;200;1.0;0;0.0;32556;162.78
MarioAI;1;200;0;0.0;200;1.0;0;0.0;32892;164.46
MarioAI;1;200;0;0.0;200;1.0;0;0.0;26695;133.475
MarioAI;1;200;0;0.0;200;1.0;0;0.0;29019;145.095
MarioAI;1;200;200;1.0;0;0.0;0;0.0;5000;25.0
MarioAI;1;200;200;1.0;0;0.0;0;0.0;6007;30.035
MarioAI;1;200;97;0.485;103;0.515;0;0.0;5114;25.57
MarioAI;1;200;94;0.47;106;0.53;0;0.0;7287;36.435
MarioAI;1;200;1;0.005;199;0.995;0;0.0;3024;15.12
MarioAI;1;200;6;0.03;194;0.97;0;0.0;3677;18.385
MarioAI;1;200;200;1.0;0;0.0;0;0.0;5000;25.0
MarioAI;1;200;200;1.0;0;0.0;0;0.0;5000;25.0
MarioAI;1;200;200;1.0;0;0.0;0;0.0;5679;28.395
MarioAI;1;200;137;0.685;63;0.315;0;0.0;5072;25.36
MarioAI;1;200;137;0.685;63;0.315;0;0.0;6034;30.17
MarioAI;1;200;39;0.195;161;0.805;0;0.0;4074;20.37
MarioAI;1;200;61;0.305;139;0.695;0;0.0;4234;21.17
MarioAI;1;200;200;1.0;0;0.0;0;0.0;5000;25.0
MarioAI;1;200;200;1.0;0;0.0;0;0.0;5679;28.395
MarioAI;1;200;141;0.705;59;0.295;0;0.0;5164;25.82
MarioAI;1;200;141;0.705;59;0.295;0;0.0;6138;30.69
MarioAI;1;200;40;0.2;160;0.8;0;0.0;4151;20.755
MarioAI;1;200;61;0.305;139;0.695;0;0.0;4329;21.645
MarioAI;1;200;200;1.0;0;0.0;0;0.0;5000;25.0
MarioAI;1;200;200;1.0;0;0.0;0;0.0;5000;25.0
MarioAI;1;200;200;1.0;0;0.0;0;0.0;5679;28.395
MarioAI;1;200;141;0.705;59;0.295;0;0.0;5164;25.82
MarioAI;1;200;141;0.705;59;0.295;0;0.0;6138;30.69
MarioAI;1;200;40;0.2;160;0.8;0;0.0;4151;20.755
MarioAI;1;200;61;0.305;139;0.695;0;0.0;4329;21.645
MarioAI;1;200;200;1.0;0;0.0;0;0.0;5000;25.0
MarioAI;1;200;200;1.0;0;0.0;0;0.0;5000;25.0
MarioAI;1;200;200;1.0;0;0.0;0;0.0;5679;28.395
MarioAI;1;200;141;0.705;59;0.295;0;0.0;5164;25.82
MarioAI;1;200;141;0.705;59;0.295;0;0.0;6138;30.69
MarioAI;1;200;40;0.2;160;0.8;0;0.0;4151;20.755
MarioAI;1;200;61;0.305;139;0.695;0;0.0;4329;21.645
MarioAI;1;200;200;1.0;0;0.0;0;0.0;5000;25.0
MarioAI;1;200;200;1.0;0;0.0;0;0.0;5679;28.395
MarioAI;1;200;141;0.705;59;0.295;0;0.0;5164;25.82
MarioAI;1;200;141;0.705;59;0.295;0;0.0;6138;30.69
MarioAI;1;200;40;0.2;160;0.8;0;0.0;4151;20.755
MarioAI;1;200;61;0.305;139;0.695;0;0.0;4329;21.645
MarioAI;1;200;200;1.0;0;0.0;0;0.0;5000;25.0
MarioAI;1;200;200;1.0;0;0.0;0;0.0;5679;28.395
MarioAI;1;200;141;0.705;59;0.295;0;0.0;5164;25.82
MarioAI;1;200;141;0.705;59;0.295;0;0.0;6138;30.69
MarioAI;1;200;40;0.2;160;0.8;0;0.0;4151;20.755
MarioAI;1;200;61;0.305;139;0.695;0;0.0;4329;21.645
MarioAI;1;200;200;1.0;0;0.0;0;0.0;5000;25.0
MarioAI;1;200;200;1.0;0;0.0;0;0.0;5679;28.395
MarioAI;1;200;132;0.66;68;0.34;0;0.0;5073;25.365
MarioAI;1;200;137;0.685;63;0.315;0;0.0;5940;29.7
MarioAI;1;200;38;0.19;162;0.81;0;0.0;4094;20.47
MarioAI;1;200;53;0.265;147;0.735;0;0.0;4266;21.33
MarioAI;1;200;200;1.0;0;0.0;0;0.0;5000;25.0
MarioAI;1;200;200;1.0;0;0.0;0;0.0;5679;28.395
MarioAI;1;200;141;0.705;59;0.295;0;0.0;5164;25.82
MarioAI;1;200;140;0.7;60;0.3;0;0.0;6134;30.67
MarioAI;1;200;39;0.195;161;0.805;0;0.0;4128;20.64
MarioAI;1;200;63;0.315;137;0.685;0;0.0;4349;21.745
MarioAI;1;200;200;1.0;0;0.0;0;0.0;5000;25.0
MarioAI;1;200;200;1.0;0;0.0;0;0.0;5679;28.395
MarioAI;1;200;140;0.7;60;0.3;0;0.0;5168;25.84
MarioAI;1;200;143;0.715;57;0.285;0;0.0;6030;30.15
MarioAI;1;200;43;0.215;157;0.785;0;0.0;4229;21.145
MarioAI;1;200;57;0.285;143;0.715;0;0.0;4317;21.585
MarioAI;1;200;200;1.0;0;0.0;0;0.0;5000;25.0
MarioAI;1;200;200;1.0;0;0.0;0;0.0;6007;30.035
MarioAI;1;200;101;0.505;99;0.495;0;0.0;4741;23.705
MarioAI;1;200;104;0.52;96;0.48;0;0.0;7012;35.06
MarioAI;1;200;5;0.025;195;0.975;0;0.0;3446;17.23
MarioAI;1;200;13;0.065;187;0.935;0;0.0;3743;18.715
MarioAI;1;200;200;1.0;0;0.0;0;0.0;5000;25.0
MarioAI;1;200;200;1.0;0;0.0;0;0.0;5679;28.395
MarioAI;1;200;140;0.7;60;0.3;0;0.0;5168;25.84
MarioAI;1;200;143;0.715;57;0.285;0;0.0;6030;30.15
MarioAI;1;200;43;0.215;157;0.785;0;0.0;4229;21.145
MarioAI;1;200;57;0.285;143;0.715;0;0.0;4317;21.585
MarioAI;1;200;200;1.0;0;0.0;0;0.0;5000;25.0
MarioAI;1;200;200;1.0;0;0.0;0;0.0;5000;25.0
MarioAI;1;200;200;1.0;0;0.0;0;0.0;5679;28.395
MarioAI;1;200;140;0.7;60;0.3;0;0.0;5168;25.84
MarioAI;1;200;143;0.715;57;0.285;0;0.0;6030;30.15
MarioAI;1;200;43;0.215;157;0.785;0;0.0;4229;21.145
MarioAI;1;200;57;0.285;143;0.715;0;0.0;4317;21.585
MarioAI;1;200;200;1.0;0;0.0;0;0.0;5000;25.0
MarioAI;1;200;200;1.0;0;0.0;0;0.0;5679;28.395
MarioAI;1;200;140;0.7;60;0.3;0;0.0;5168;25.84
MarioAI;1;200;143;0.715;57;0.285;0;0.0;6030;30.15
MarioAI;1;200;43;0.215;157;0.785;0;0.0;4229;21.145
MarioAI;1;200;57;0.285;143;0.715;0;0.0;4317;21.585
MarioAI;1;200;200;1.0;0;0.0;0;0.0;5000;25.0
MarioAI;1;200;200;1.0;0;0.0;0;0.0;5679;28.395
MarioAI;1;200;140;0.7;60;0.3;0;0.0;5168;25.84
MarioAI;1;200;143;0.715;57;0.285;0;0.0;6030;30.15
MarioAI;1;200;43;0.215;157;0.785;0;0.0;4229;21.145
MarioAI;1;200;57;0.285;143;0.715;0;0.0;4317;21.585
MarioAI;1;200;200;1.0;0;0.0;0;0.0;5000;25.0
MarioAI;1;200;200;1.0;0;0.0;0;0.0;5679;28.395
MarioAI;1;200;140;0.7;60;0.3;0;0.0;5168;25.84
MarioAI;1;200;143;0.715;57;0.285;0;0.0;6030;30.15
MarioAI;1;200;43;0.215;157;0.785;0;0.0;4229;21.145
MarioAI;1;200;57;0.285;143;0.715;0;0.0;4317;21.585
MarioAI;1;200;200;1.0;0;0.0;0;0.0;5000;25.0
MarioAI;1;200;200;1.0;0;0.0;0;0.0;5679;28.395
MarioAI;1;200;200;1.0;0;0.0;0;0.0;5000;25.0
MarioAI;1;200;200;1.0;0;0.0;0;0.0;5679;28.395
MarioAI;1;200;140;0.7;60;0.3;0;0.0;5168;25.84
MarioAI;1;200;143;0.715;57;0.285;0;0.0;6030;30.15
MarioAI;1;200;43;0.215;157;0.785;0;0.0;4229;21.145
MarioAI;1;200;200;1.0;0;0.0;0;0.0;5000;25.0
MarioAI;1;200;200;1.0;0;0.0;0;0.0;5679;28.395
MarioAI;1;200;140;0.7;60;0.3;0;0.0;5168;25.84
MarioAI;1;200;143;0.715;57;0.285;0;0.0;6030;30.15
MarioAI;1;200;43;0.215;157;0.785;0;0.0;4229;21.145
MarioAI;1;200;200;1.0;0;0.0;0;0.0;5000;25.0
MarioAI;1;200;200;1.0;0;0.0;0;0.0;5679;28.395
MarioAI;1;200;3;0.015;197;0.985;0;0.0;31539;157.695
MarioAI;1;200;3;0.015;197;0.985;0;0.0;34040;170.2
MarioAI;1;200;0;0.0;200;1.0;0;0.0;30039;150.195
MarioAI;1;200;200;1.0;0;0.0;0;0.0;5000;25.0
MarioAI;1;200;200;1.0;0;0.0;0;0.0;5000;25.0
MarioAI;1;200;200;1.0;0;0.0;0;0.0;5679;28.395
MarioAI;1;200;140;0.7;60;0.3;0;0.0;5170;25.85
MarioAI;1;200;144;0.72;56;0.28;0;0.0;6046;30.23
MarioAI;1;200;43;0.215;157;0.785;0;0.0;4230;21.15
MarioAI;1;200;200;1.0;0;0.0;0;0.0;5000;25.0
MarioAI;1;200;200;1.0;0;0.0;0;0.0;5679;28.395
MarioAI;1;200;140;0.7;60;0.3;0;0.0;5169;25.845
MarioAI;1;200;143;0.715;57;0.285;0;0.0;6025;30.125
MarioAI;1;200;43;0.215;157;0.785;0;0.0;4224;21.12
MarioAI;1;200;0;0.0;200;1.0;0;0.0;40000;200.0
MarioAI;1;200;175;0.875;25;0.125;0;0.0;31689;158.445
MarioAI;1;200;12;0.06;188;0.94;0;0.0;28920;144.6
MarioAI;1;200;6;0.03;194;0.97;0;0.0;31771;158.855
MarioAI;1;200;0;0.0;200;1.0;0;0.0;13955;69.775
MarioAI;1;200;0;0.0;200;1.0;0;0.0;40000;200.0
MarioAI;1;200;175;0.875;25;0.125;0;0.0;31689;158.445
MarioAI;1;200;12;0.06;188;0.94;0;0.0;28920;144.6
MarioAI;1;200;6;0.03;194;0.97;0;0.0;31771;158.855
MarioAI;1;200;0;0.0;200;1.0;0;0.0;13955;69.775
MarioAI;1;200;0;0.0;200;1.0;0;0.0;40000;200.0
MarioAI;1;200;175;0.875;25;0.125;0;0.0;31689;158.445
MarioAI;1;200;18;0.09;182;0.91;0;0.0;24678;123.39
MarioAI;1;200;4;0.02;196;0.98;0;0.0;29893;149.465
MarioAI;1;200;0;0.0;200;1.0;0;0.0;12036;60.18
MarioAI;1;200;0;0.0;200;1.0;0;0.0;40000;200.0
MarioAI;1;200;175;0.875;25;0.125;0;0.0;31689;158.445
MarioAI;1;200;15;0.075;185;0.925;0;0.0;12575;62.875
MarioAI;1;200;20;0.1;180;0.9;0;0.0;18311;91.555
MarioAI;1;200;0;0.0;200;1.0;0;0.0;6432;32.16
MarioAI;1;200;0;0.0;200;1.0;0;0.0;40000;200.0
MarioAI;1;200;0;0.0;200;1.0;0;0.0;40000;200.0
MarioAI;1;200;0;0.0;200;1.0;0;0.0;38679;193.395
MarioAI;1;200;0;0.0;200;1.0;0;0.0;38682;193.41
MarioAI;1;200;0;0.0;200;1.0;0;0.0;32204;161.02
MarioAI;1;200;200;1.0;0;0.0;0;0.0;5000;25.0
MarioAI;1;200;200;1.0;0;0.0;0;0.0;5679;28.395
MarioAI;1;200;129;0.645;71;0.355;0;0.0;5031;25.155
MarioAI;1;200;131;0.655;69;0.345;0;0.0;6317;31.585
MarioAI;1;200;42;0.21;158;0.79;0;0.0;4132;20.66
MarioAI;1;200;200;1.0;0;0.0;0;0.0;5000;25.0
MarioAI;1;200;200;1.0;0;0.0;0;0.0;5679;28.395
MarioAI;1;200;140;0.7;60;0.3;0;0.0;5168;25.84
MarioAI;1;200;143;0.715;57;0.285;0;0.0;6030;30.15
MarioAI;1;200;43;0.215;157;0.785;0;0.0;4229;21.145
MarioAI;1;200;200;1.0;0;0.0;0;0.0;5000;25.0
MarioAI;1;200;200;1.0;0;0.0;0;0.0;5679;28.395
MarioAI;1;200;140;0.7;60;0.3;0;0.0;5168;25.84
MarioAI;1;200;143;0.715;57;0.285;0;0.0;6030;30.15
MarioAI;1;200;43;0.215;157;0.785;0;0.0;4229;21.145
MarioAI;1;200;200;1.0;0;0.0;0;0.0;5000;25.0
MarioAI;1;200;200;1.0;0;0.0;0;0.0;5679;28.395
MarioAI;1;200;140;0.7;60;0.3;0;0.0;5168;25.84
MarioAI;1;200;143;0.715;57;0.285;0;0.0;6030;30.15
MarioAI;1;200;43;0.215;157;0.785;0;0.0;4229;21.145
MarioAI;1;200;200;1.0;0;0.0;0;0.0;10000;50.0
MarioAI;1;200;200;1.0;0;0.0;0;0.0;10358;51.79
MarioAI;1;200;192;0.96;8;0.04;0;0.0;11240;56.2
MarioAI;1;200;185;0.925;15;0.075;0;0.0;12545;62.725
MarioAI;1;200;42;0.21;158;0.79;0;0.0;8306;41.53
MarioAI;1;200;200;1.0;0;0.0;0;0.0;5000;25.0
MarioAI;1;200;200;1.0;0;0.0;0;0.0;5679;28.395
MarioAI;1;200;200;1.0;0;0.0;0;0.0;5000;25.0
MarioAI;1;200;200;1.0;0;0.0;0;0.0;5679;28.395
MarioAI;1;200;148;0.74;52;0.26;0;0.0;5353;26.765
MarioAI;1;200;139;0.695;61;0.305;0;0.0;5938;29.69
MarioAI;1;200;34;0.17;166;0.83;0;0.0;4022;20.11
MarioAI;1;200;200;1.0;0;0.0;0;0.0;5000;25.0
MarioAI;1;200;200;1.0;0;0.0;0;0.0;5679;28.395
MarioAI;1;200;148;0.74;52;0.26;0;0.0;5332;26.66
MarioAI;1;200;149;0.745;51;0.255;0;0.0;5837;29.185
MarioAI;1;200;31;0.155;169;0.845;0;0.0;3996;19.98
MarioAI;1;200;200;1.0;0;0.0;0;0.0;5000;25.0
MarioAI;1;200;200;1.0;0;0.0;0;0.0;5679;28.395
MarioAI;1;200;148;0.74;52;0.26;0;0.0;5332;26.66
MarioAI;1;200;148;0.74;52;0.26;0;0.0;6003;30.015
MarioAI;1;200;31;0.155;169;0.845;0;0.0;3991;19.955
MarioAI;1;200;200;1.0;0;0.0;0;0.0;5000;25.0
MarioAI;1;200;200;1.0;0;0.0;0;0.0;5679;28.395
MarioAI;1;200;148;0.74;52;0.26;0;0.0;5332;26.66
MarioAI;1;200;148;0.74;52;0.26;0;0.0;6002;30.01
MarioAI;1;200;31;0.155;169;0.845;0;0.0;3991;19.955
MarioAI;1;200;200;1.0;0;0.0;0;0.0;5000;25.0
MarioAI;1;200;200;1.0;0;0.0;0;0.0;5679;28.395
MarioAI;1;200;148;0.74;52;0.26;0;0.0;5333;26.665
MarioAI;1;200;149;0.745;51;0.255;0;0.0;5856;29.28
MarioAI;1;200;30;0.15;170;0.85;0;0.0;3982;19.91
MarioAI;1;200;200;1.0;0;0.0;0;0.0;5000;25.0
MarioAI;1;200;200;1.0;0;0.0;0;0.0;5679;28.395
MarioAI;1;200;148;0.74;52;0.26;0;0.0;5331;26.655
MarioAI;1;200;148;0.74;52;0.26;0;0.0;6005;30.025
MarioAI;1;200;31;0.155;169;0.845;0;0.0;3985;19.925
MarioAI;1;200;200;1.0;0;0.0;0;0.0;5000;25.0
MarioAI;1;200;200;1.0;0;0.0;0;0.0;5679;28.395
MarioAI;1;200;148;0.74;52;0.26;0;0.0;5333;26.665
MarioAI;1;200;151;0.755;49;0.245;0;0.0;6298;31.49
MarioAI;1;200;29;0.145;171;0.855;0;0.0;4082;20.41
MarioAI;1;200;200;1.0;0;0.0;0;0.0;5000;25.0
MarioAI;1;200;200;1.0;0;0.0;0;0.0;5679;28.395
MarioAI;1;200;150;0.75;50;0.25;0;0.0;5513;27.565
MarioAI;1;200;154;0.77;46;0.23;0;0.0;6475;32.375
MarioAI;1;200;27;0.135;173;0.865;0;0.0;4075;20.375
MarioAI;1;200;200;1.0;0;0.0;0;0.0;5200;26.0
MarioAI;1;200;200;1.0;0;0.0;0;0.0;7484;37.42
MarioAI;1;200;179;0.895;21;0.105;0;0.0;8032;40.16
MarioAI;1;200;184;0.92;16;0.08;0;0.0;8480;42.4
MarioAI;1;200;49;0.245;151;0.755;0;0.0;6256;31.28
MarioAI;2;200;200;1.0;0;0.0;0;0.0;5200;26.0
MarioAI;2;200;200;1.0;0;0.0;0;0.0;7457;37.285
MarioAI;2;200;179;0.895;21;0.105;0;0.0;8052;40.26
MarioAI;2;200;173;0.865;27;0.135;0;0.0;8427;42.135
MarioAI;2;200;40;0.2;160;0.8;0;0.0;5892;29.46
MarioAI;2;200;200;1.0;0;0.0;0;0.0;5200;26.0
MarioAI;2;200;200;1.0;0;0.0;0;0.0;7457;37.285
MarioAI;2;200;186;0.93;14;0.07;0;0.0;8079;40.395
MarioAI;2;200;182;0.91;18;0.09;0;0.0;8593;42.965
MarioAI;2;200;44;0.22;156;0.78;0;0.0;6127;30.635
MarioAI;2;200;200;1.0;0;0.0;0;0.0;5200;26.0
MarioAI;2;200;200;1.0;0;0.0;0;0.0;7457;37.285
MarioAI;2;200;183;0.915;17;0.085;0;0.0;8091;40.455
MarioAI;2;200;176;0.88;24;0.12;0;0.0;8472;42.36
MarioAI;2;200;41;0.205;159;0.795;0;0.0;5916;29.58
MarioAI;2;200;200;1.0;0;0.0;0;0.0;5200;26.0
MarioAI;2;200;200;1.0;0;0.0;0;0.0;7457;37.285
MarioAI;2;200;186;0.93;14;0.07;0;0.0;8095;40.475
MarioAI;2;200;184;0.92;16;0.08;0;0.0;8591;42.955
MarioAI;2;200;48;0.24;152;0.76;0;0.0;6247;31.235
MarioAI;2;200;200;1.0;0;0.0;0;0.0;5200;26.0
MarioAI;2;200;200;1.0;0;0.0;0;0.0;7457;37.285
MarioAI;2;200;187;0.935;13;0.065;0;0.0;8124;40.62
MarioAI;2;200;179;0.895;21;0.105;0;0.0;8534;42.67
MarioAI;2;200;46;0.23;154;0.77;0;0.0;6152;30.76
MarioAI;2;200;200;1.0;0;0.0;0;0.0;5200;26.0
MarioAI;2;200;200;1.0;0;0.0;0;0.0;7724;38.62
MarioAI;2;200;179;0.895;21;0.105;0;0.0;8168;40.84
MarioAI;2;200;182;0.91;18;0.09;0;0.0;8677;43.385
MarioAI;2;200;45;0.225;155;0.775;0;0.0;6069;30.345
MarioAI;2;200;200;1.0;0;0.0;0;0.0;5200;26.0
MarioAI;2;200;200;1.0;0;0.0;0;0.0;7457;37.285
MarioAI;2;200;188;0.94;12;0.06;0;0.0;8133;40.665
MarioAI;2;200;180;0.9;20;0.1;0;0.0;8537;42.685
MarioAI;2;200;52;0.26;148;0.74;0;0.0;6283;31.415
MarioAI;2;200;200;1.0;0;0.0;0;0.0;5200;26.0
MarioAI;2;200;200;1.0;0;0.0;0;0.0;7457;37.285
MarioAI;2;200;186;0.93;14;0.07;0;0.0;8098;40.49
MarioAI;2;200;181;0.905;19;0.095;0;0.0;8523;42.615
MarioAI;2;200;46;0.23;154;0.77;0;0.0;6245;31.225
MarioAI;2;200;200;1.0;0;0.0;0;0.0;5200;26.0
MarioAI;2;200;200;1.0;0;0.0;0;0.0;7457;37.285
MarioAI;2;200;186;0.93;14;0.07;0;0.0;8133;40.665
MarioAI;2;200;180;0.9;20;0.1;0;0.0;8577;42.885
MarioAI;2;200;48;0.24;152;0.76;0;0.0;6159;30.795
MarioAI;2;200;200;1.0;0;0.0;0;0.0;5200;26.0
MarioAI;2;200;200;1.0;0;0.0;0;0.0;7457;37.285
MarioAI;2;200;182;0.91;18;0.09;0;0.0;8001;40.005
MarioAI;2;200;178;0.89;22;0.11;0;0.0;8466;42.33
MarioAI;2;200;47;0.235;153;0.765;0;0.0;6121;30.605
MarioAI;2;200;200;1.0;0;0.0;0;0.0;5200;26.0
MarioAI;2;200;200;1.0;0;0.0;0;0.0;7457;37.285
MarioAI;2;200;184;0.92;16;0.08;0;0.0;8041;40.205
MarioAI;2;200;182;0.91;18;0.09;0;0.0;8525;42.625
MarioAI;2;200;53;0.265;147;0.735;0;0.0;6360;31.8
MarioAI;2;200;200;1.0;0;0.0;0;0.0;5200;26.0
MarioAI;2;200;200;1.0;0;0.0;0;0.0;7457;37.285
MarioAI;2;200;177;0.885;23;0.115;0;0.0;8372;41.86
MarioAI;2;200;181;0.905;19;0.095;0;0.0;8790;43.95
MarioAI;2;200;27;0.135;173;0.865;0;0.0;5543;27.715
MarioAI;2;200;200;1.0;0;0.0;0;0.0;5200;26.0
MarioAI;2;200;200;1.0;0;0.0;0;0.0;7457;37.285
MarioAI;2;200;184;0.92;16;0.08;0;0.0;8062;40.31
MarioAI;2;200;182;0.91;18;0.09;0;0.0;8524;42.62
MarioAI;2;200;56;0.28;144;0.72;0;0.0;6356;31.78
MarioAI;2;200;200;1.0;0;0.0;0;0.0;5200;26.0
MarioAI;2;200;200;1.0;0;0.0;0;0.0;7457;37.285
MarioAI;2;200;184;0.92;16;0.08;0;0.0;7718;38.59
MarioAI;2;200;180;0.9;20;0.1;0;0.0;8367;41.835
MarioAI;2;200;56;0.28;144;0.72;0;0.0;6046;30.23
MarioAI;2;200;200;1.0;0;0.0;0;0.0;5200;26.0
MarioAI;2;200;200;1.0;0;0.0;0;0.0;7457;37.285
MarioAI;2;200;184;0.92;16;0.08;0;0.0;7718;38.59
MarioAI;2;200;180;0.9;20;0.1;0;0.0;8363;41.815
MarioAI;2;200;56;0.28;144;0.72;0;0.0;6043;30.215
MarioAI;2;200;200;1.0;0;0.0;0;0.0;5200;26.0
MarioAI;2;200;200;1.0;0;0.0;0;0.0;7457;37.285
MarioAI;2;200;182;0.91;18;0.09;0;0.0;7641;38.205
MarioAI;2;200;182;0.91;18;0.09;0;0.0;8222;41.11
MarioAI;2;200;68;0.34;132;0.66;0;0.0;6351;31.755
MarioAI;2;200;200;1.0;0;0.0;0;0.0;5200;26.0
MarioAI;2;200;200;1.0;0;0.0;0;0.0;7457;37.285
MarioAI;2;200;187;0.935;13;0.065;0;0.0;7773;38.865
MarioAI;2;200;182;0.91;18;0.09;0;0.0;8374;41.87
MarioAI;2;200;50;0.25;150;0.75;0;0.0;6041;30.205
MarioAI;2;200;200;1.0;0;0.0;0;0.0;5200;26.0
MarioAI;2;200;200;1.0;0;0.0;0;0.0;7457;37.285
MarioAI;2;200;182;0.91;18;0.09;0;0.0;7643;38.215
MarioAI;2;200;182;0.91;18;0.09;0;0.0;8228;41.14
MarioAI;2;200;66;0.33;134;0.67;0;0.0;6321;31.605
MarioAI;14;200;200;1.0;0;0.0;0;0.0;5200;26.0
MarioAI;14;200;200;1.0;0;0.0;0;0.0;7464;37.32
MarioAI;14;200;187;0.935;13;0.065;0;0.0;7784;38.92
MarioAI;14;200;188;0.94;12;0.06;0;0.0;8245;41.225
MarioAI;14;200;63;0.315;137;0.685;0;0.0;6291;31.455
MarioAI;14;200;200;1.0;0;0.0;0;0.0;5200;26.0
MarioAI;14;200;200;1.0;0;0.0;0;0.0;7464;37.32
MarioAI;14;200;189;0.945;11;0.055;0;0.0;7831;39.155
MarioAI;14;200;189;0.945;11;0.055;0;0.0;8256;41.28
MarioAI;14;200;60;0.3;140;0.7;0;0.0;6228;31.14
MarioAI;14;200;200;1.0;0;0.0;0;0.0;5200;26.0
MarioAI;14;200;200;1.0;0;0.0;0;0.0;7464;37.32
MarioAI;14;200;187;0.935;13;0.065;0;0.0;7781;38.905
MarioAI;14;200;188;0.94;12;0.06;0;0.0;8249;41.245
MarioAI;14;200;65;0.325;135;0.675;0;0.0;6317;31.585
MarioAI;14;200;200;1.0;0;0.0;0;0.0;5200;26.0
MarioAI;14;200;200;1.0;0;0.0;0;0.0;7464;37.32
MarioAI;14;200;189;0.945;11;0.055;0;0.0;7793;38.965
MarioAI;14;200;189;0.945;11;0.055;0;0.0;8253;41.265
MarioAI;14;200;64;0.32;136;0.68;0;0.0;6276;31.38
MarioAI;14;200;200;1.0;0;0.0;0;0.0;5200;26.0
MarioAI;14;200;200;1.0;0;0.0;0;0.0;7464;37.32
MarioAI;14;200;189;0.945;11;0.055;0;0.0;7785;38.925
MarioAI;14;200;189;0.945;11;0.055;0;0.0;8250;41.25
MarioAI;14;200;65;0.325;135;0.675;0;0.0;6295;31.475
MarioAI;14;200;200;1.0;0;0.0;0;0.0;5200;26.0
MarioAI;14;200;200;1.0;0;0.0;0;0.0;7464;37.32
MarioAI;14;200;187;0.935;13;0.065;0;0.0;7776;38.88
MarioAI;14;200;188;0.94;12;0.06;0;0.0;8249;41.245
MarioAI;14;200;61;0.305;139;0.695;0;0.0;6264;31.32
MarioAI;14;200;200;1.0;0;0.0;0;0.0;5200;26.0
MarioAI;14;200;200;1.0;0;0.0;0;0.0;7464;37.32
MarioAI;14;200;188;0.94;12;0.06;0;0.0;7807;39.035
MarioAI;14;200;187;0.935;13;0.065;0;0.0;8242;41.21
MarioAI;14;200;66;0.33;134;0.67;0;0.0;6333;31.665
MarioAI;14;200;200;1.0;0;0.0;0;0.0;5200;26.0
MarioAI;14;200;200;1.0;0;0.0;0;0.0;7464;37.32
MarioAI;14;200;189;0.945;11;0.055;0;0.0;7788;38.94
MarioAI;14;200;189;0.945;11;0.055;0;0.0;8255;41.275
MarioAI;14;200;62;0.31;138;0.69;0;0.0;6286;31.43
MarioAI;14;200;200;1.0;0;0.0;0;0.0;5200;26.0
MarioAI;14;200;200;1.0;0;0.0;0;0.0;7464;37.32
MarioAI;14;200;188;0.94;12;0.06;0;0.0;7793;38.965
MarioAI;14;200;181;0.905;19;0.095;0;0.0;8172;40.86
MarioAI;14;200;60;0.3;140;0.7;0;0.0;6313;31.565
MarioAI;14;200;200;1.0;0;0.0;0;0.0;5200;26.0
MarioAI;14;200;200;1.0;0;0.0;0;0.0;7464;37.32
MarioAI;14;200;189;0.945;11;0.055;0;0.0;7790;38.95
MarioAI;14;200;189;0.945;11;0.055;0;0.0;8253;41.265
MarioAI;14;200;62;0.31;138;0.69;0;0.0;6273;31.365
MarioAI;14;200;200;1.0;0;0.0;0;0.0;5200;26.0
MarioAI;14;200;0;0.0;200;1.0;0;0.0;40000;200.0
MarioAI;14;200;0;0.0;200;1.0;0;0.0;30413;152.065
MarioAI;14;200;0;0.0;200;1.0;0;0.0;31368;156.84
MarioAI;14;200;0;0.0;200;1.0;0;0.0;28680;143.4
MarioAI;14;200;200;1.0;0;0.0;0;0.0;5200;26.0
MarioAI;14;200;200;1.0;0;0.0;0;0.0;7529;37.645
MarioAI;14;200;189;0.945;11;0.055;0;0.0;7832;39.16
MarioAI;14;200;190;0.95;10;0.05;0;0.0;8512;42.56
MarioAI;14;200;63;0.315;137;0.685;0;0.0;6437;32.185
MarioAI;14;200;200;1.0;0;0.0;0;0.0;5200;26.0
MarioAI;14;200;200;1.0;0;0.0;0;0.0;7464;37.32
MarioAI;14;200;189;0.945;11;0.055;0;0.0;7791;38.955
MarioAI;14;200;189;0.945;11;0.055;0;0.0;8257;41.285
MarioAI;14;200;65;0.325;135;0.675;0;0.0;6326;31.63
MarioAI;14;200;200;1.0;0;0.0;0;0.0;5200;26.0
MarioAI;14;200;200;1.0;0;0.0;0;0.0;7464;37.32
MarioAI;14;200;189;0.945;11;0.055;0;0.0;7820;39.1
MarioAI;14;200;189;0.945;11;0.055;0;0.0;8264;41.32
MarioAI;14;200;64;0.32;136;0.68;0;0.0;6285;31.425
MarioAI;14;200;200;1.0;0;0.0;0;0.0;5200;26.0
MarioAI;14;200;200;1.0;0;0.0;0;0.0;7464;37.32
MarioAI;14;200;189;0.945;11;0.055;0;0.0;7789;38.945
MarioAI;14;200;189;0.945;11;0.055;0;0.0;8248;41.24
MarioAI;14;200;63;0.315;137;0.685;0;0.0;6272;31.36
MarioAI;14;200;200;1.0;0;0.0;0;0.0;5200;26.0
MarioAI;14;200;200;1.0;0;0.0;0;0.0;7464;37.32
MarioAI;14;200;189;0.945;11;0.055;0;0.0;7792;38.96
MarioAI;14;200;189;0.945;11;0.055;0;0.0;8256;41.28
MarioAI;14;200;63;0.315;137;0.685;0;0.0;6266;31.33
MarioAI;14;200;200;1.0;0;0.0;0;0.0;5200;26.0
MarioAI;14;200;200;1.0;0;0.0;0;0.0;7464;37.32
MarioAI;14;200;189;0.945;11;0.055;0;0.0;7792;38.96
MarioAI;14;200;189;0.945;11;0.055;0;0.0;8263;41.315
MarioAI;14;200;63;0.315;137;0.685;0;0.0;6285;31.425
MarioAI;14;200;200;1.0;0;0.0;0;0.0;5200;26.0
MarioAI;14;200;200;1.0;0;0.0;0;0.0;7464;37.32
MarioAI;14;200;189;0.945;11;0.055;0;0.0;7791;38.955
MarioAI;14;200;189;0.945;11;0.055;0;0.0;8257;41.285
MarioAI;14;200;65;0.325;135;0.675;0;0.0;6288;31.44
MarioAI;14;200;200;1.0;0;0.0;0;0.0;5200;26.0
MarioAI;14;200;200;1.0;0;0.0;0;0.0;7464;37.32
MarioAI;14;200;189;0.945;11;0.055;0;0.0;7791;38.955
MarioAI;14;200;189;0.945;11;0.055;0;0.0;8257;41.285
MarioAI;14;200;60;0.3;140;0.7;0;0.0;6279;31.395
MarioAI;14;200;200;1.0;0;0.0;0;0.0;5200;26.0
MarioAI;14;200;200;1.0;0;0.0;0;0.0;7464;37.32
MarioAI;14;200;189;0.945;11;0.055;0;0.0;7789;38.945
MarioAI;14;200;190;0.95;10;0.05;0;0.0;8288;41.44
MarioAI;14;200;63;0.315;137;0.685;0;0.0;6258;31.29
MarioAI;14;200;200;1.0;0;0.0;0;0.0;5200;26.0
MarioAI;14;200;200;1.0;0;0.0;0;0.0;7464;37.32
MarioAI;14;200;189;0.945;11;0.055;0;0.0;7790;38.95
MarioAI;14;200;189;0.945;11;0.055;0;0.0;8257;41.285
MarioAI;14;200;63;0.315;137;0.685;0;0.0;6269;31.345
MarioAI;2;200;200;1.0;0;0.0;0;0.0;5200;26.0
MarioAI;2;200;200;1.0;0;0.0;0;0.0;7457;37.285
MarioAI;2;200;180;0.9;20;0.1;0;0.0;7628;38.14
MarioAI;2;200;184;0.92;16;0.08;0;0.0;8261;41.305
MarioAI;2;200;65;0.325;135;0.675;0;0.0;6281;31.405
MarioAI;2;200;200;1.0;0;0.0;0;0.0;5200;26.0
MarioAI;2;200;200;1.0;0;0.0;0;0.0;7457;37.285
MarioAI;2;200;183;0.915;17;0.085;0;0.0;7658;38.29
MarioAI;2;200;183;0.915;17;0.085;0;0.0;8390;41.95
MarioAI;2;200;68;0.34;132;0.66;0;0.0;6209;31.045
MarioAI;2;200;200;1.0;0;0.0;0;0.0;5200;26.0
MarioAI;2;200;200;1.0;0;0.0;0;0.0;7457;37.285
MarioAI;2;200;181;0.905;19;0.095;0;0.0;7653;38.265
MarioAI;2;200;184;0.92;16;0.08;0;0.0;8272;41.36
MarioAI;2;200;65;0.325;135;0.675;0;0.0;6274;31.37
MarioAI;2;200;200;1.0;0;0.0;0;0.0;5200;26.0
MarioAI;2;200;200;1.0;0;0.0;0;0.0;7457;37.285
MarioAI;2;200;182;0.91;18;0.09;0;0.0;7656;38.28
MarioAI;2;200;183;0.915;17;0.085;0;0.0;8390;41.95
MarioAI;2;200;67;0.335;133;0.665;0;0.0;6213;31.065
MarioAI;2;200;200;1.0;0;0.0;0;0.0;5200;26.0
MarioAI;2;200;200;1.0;0;0.0;0;0.0;7457;37.285
MarioAI;2;200;183;0.915;17;0.085;0;0.0;7661;38.305
MarioAI;2;200;182;0.91;18;0.09;0;0.0;8364;41.82
MarioAI;2;200;67;0.335;133;0.665;0;0.0;6197;30.985
MarioAI;2;200;200;1.0;0;0.0;0;0.0;5200;26.0
MarioAI;2;200;200;1.0;0;0.0;0;0.0;7473;37.365
MarioAI;2;200;181;0.905;19;0.095;0;0.0;7724;38.62
MarioAI;2;200;184;0.92;16;0.08;0;0.0;8317;41.585
MarioAI;2;200;69;0.345;131;0.655;0;0.0;6400;32.0
MarioAI;2;200;200;1.0;0;0.0;0;0.0;5200;26.0
MarioAI;2;200;200;1.0;0;0.0;0;0.0;7473;37.365
MarioAI;2;200;185;0.925;15;0.075;0;0.0;7861;39.305
MarioAI;2;200;181;0.905;19;0.095;0;0.0;8329;41.645
MarioAI;2;200;58;0.29;142;0.71;0;0.0;6238;31.19
MarioAI;2;200;200;1.0;0;0.0;0;0.0;5200;26.0
MarioAI;2;200;200;1.0;0;0.0;0;0.0;7473;37.365
MarioAI;2;200;182;0.91;18;0.09;0;0.0;7747;38.735
MarioAI;2;200;184;0.92;16;0.08;0;0.0;8318;41.59
MarioAI;2;200;70;0.35;130;0.65;0;0.0;6416;32.08
MarioAI;2;200;200;1.0;0;0.0;0;0.0;10000;50.0
MarioAI;2;200;200;1.0;0;0.0;0;0.0;10370;51.85
MarioAI;2;200;191;0.955;9;0.045;0;0.0;11067;55.335
MarioAI;2;200;183;0.915;17;0.085;0;0.0;12178;60.89
MarioAI;2;200;45;0.225;155;0.775;0;0.0;9161;45.805
MarioAI;2;200;200;1.0;0;0.0;0;0.0;5200;26.0
MarioAI;2;200;200;1.0;0;0.0;0;0.0;7473;37.365
MarioAI;2;200;182;0.91;18;0.09;0;0.0;7746;38.73
MarioAI;2;200;184;0.92;16;0.08;0;0.0;8311;41.555
MarioAI;2;200;69;0.345;131;0.655;0;0.0;6399;31.995
MarioAI;2;200;200;1.0;0;0.0;0;0.0;5200;26.0
MarioAI;2;200;200;1.0;0;0.0;0;0.0;7473;37.365
MarioAI;2;200;181;0.905;19;0.095;0;0.0;7723;38.615
MarioAI;2;200;185;0.925;15;0.075;0;0.0;8326;41.63
MarioAI;2;200;70;0.35;130;0.65;0;0.0;6430;32.15
MarioAI;2;200;200;1.0;0;0.0;0;0.0;5200;26.0
MarioAI;2;200;200;1.0;0;0.0;0;0.0;7473;37.365
MarioAI;2;200;181;0.905;19;0.095;0;0.0;7728;38.64
MarioAI;2;200;185;0.925;15;0.075;0;0.0;8321;41.605
MarioAI;2;200;69;0.345;131;0.655;0;0.0;6418;32.09
MarioAI;2;200;200;1.0;0;0.0;0;0.0;5200;26.0
MarioAI;2;200;200;1.0;0;0.0;0;0.0;7473;37.365
MarioAI;2;200;181;0.905;19;0.095;0;0.0;7724;38.62
MarioAI;2;200;184;0.92;16;0.08;0;0.0;8310;41.55
MarioAI;2;200;69;0.345;131;0.655;0;0.0;6400;32.0
MarioAI;2;200;200;1.0;0;0.0;0;0.0;5200;26.0
MarioAI;2;200;200;1.0;0;0.0;0;0.0;7473;37.365
MarioAI;2;200;182;0.91;18;0.09;0;0.0;7764;38.82
MarioAI;2;200;184;0.92;16;0.08;0;0.0;8310;41.55
MarioAI;2;200;68;0.34;132;0.66;0;0.0;6377;31.885
MarioAI;2;200;200;1.0;0;0.0;0;0.0;5200;26.0
MarioAI;2;200;200;1.0;0;0.0;0;0.0;7473;37.365
MarioAI;2;200;181;0.905;19;0.095;0;0.0;7724;38.62
MarioAI;2;200;184;0.92;16;0.08;0;0.0;8303;41.515
MarioAI;2;200;67;0.335;133;0.665;0;0.0;6358;31.79
MarioAI;2;200;200;1.0;0;0.0;0;0.0;5200;26.0
MarioAI;2;200;200;1.0;0;0.0;0;0.0;7473;37.365
MarioAI;2;200;182;0.91;18;0.09;0;0.0;7747;38.735
MarioAI;2;200;185;0.925;15;0.075;0;0.0;8325;41.625
MarioAI;2;200;70;0.35;130;0.65;0;0.0;6425;32.125
MarioAI;2;200;200;1.0;0;0.0;0;0.0;5200;26.0
MarioAI;2;200;200;1.0;0;0.0;0;0.0;7473;37.365
MarioAI;2;200;181;0.905;19;0.095;0;0.0;7726;38.63
MarioAI;2;200;184;0.92;16;0.08;0;0.0;8307;41.535
MarioAI;2;200;68;0.34;132;0.66;0;0.0;6377;31.885
MarioAI;2;200;200;1.0;0;0.0;0;0.0;5200;26.0
MarioAI;2;200;200;1.0;0;0.0;0;0.0;7473;37.365
MarioAI;2;200;179;0.895;21;0.105;0;0.0;7758;38.79
MarioAI;2;200;181;0.905;19;0.095;0;0.0;8253;41.265
MarioAI;2;200;63;0.315;137;0.685;0;0.0;6172;30.86
MarioAI;2;200;200;1.0;0;0.0;0;0.0;5200;26.0
MarioAI;2;200;200;1.0;0;0.0;0;0.0;7473;37.365
MarioAI;2;200;184;0.92;16;0.08;0;0.0;7780;38.9
MarioAI;2;200;183;0.915;17;0.085;0;0.0;8290;41.45
MarioAI;2;200;65;0.325;135;0.675;0;0.0;6255;31.275
MarioAI;2;200;200;1.0;0;0.0;0;0.0;5200;26.0
MarioAI;2;200;200;1.0;0;0.0;0;0.0;7473;37.365
MarioAI;2;200;180;0.9;20;0.1;0;0.0;7718;38.59
MarioAI;2;200;184;0.92;16;0.08;0;0.0;8311;41.555
MarioAI;2;200;70;0.35;130;0.65;0;0.0;6418;32.09
MarioAI;2;200;200;1.0;0;0.0;0;0.0;8400;42.0
MarioAI;2;200;200;1.0;0;0.0;0;0.0;9041;45.205
MarioAI;2;200;181;0.905;19;0.095;0;0.0;8967;44.835
MarioAI;2;200;180;0.9;20;0.1;0;0.0;9301;46.505
MarioAI;2;200;24;0.12;176;0.88;0;0.0;5773;28.865
MarioAI;2;200;200;1.0;0;0.0;0;0.0;5200;26.0
MarioAI;2;200;200;1.0;0;0.0;0;0.0;7473;37.365
MarioAI;2;200;181;0.905;19;0.095;0;0.0;7727;38.635
MarioAI;2;200;184;0.92;16;0.08;0;0.0;8313;41.565
MarioAI;2;200;70;0.35;130;0.65;0;0.0;6412;32.06
MarioAI;2;200;200;1.0;0;0.0;0;0.0;5200;26.0
MarioAI;2;200;200;1.0;0;0.0;0;0.0;7473;37.365
MarioAI;2;200;181;0.905;19;0.095;0;0.0;7729;38.645
MarioAI;2;200;185;0.925;15;0.075;0;0.0;8328;41.64
MarioAI;2;200;71;0.355;129;0.645;0;0.0;6416;32.08
